{
  "project_info": {
    "project_number": "672737367974",
    "project_id": "auth-401d5",
    "storage_bucket": "auth-401d5.appspot.com"
  },
  "client": [
    {
      "client_info": {
        "mobilesdk_app_id": "1:672737367974:android:de96c8f5f15eec898fa167",
        "android_client_info": {
          "package_name": "com.example.projectthree_dlh"
        }
      },
      "oauth_client": [
        {
          "client_id": "672737367974-sfdv11primr6386gl1e707abfgu1o0t0.apps.googleusercontent.com",
          "client_type": 3
        }
      ],
      "api_key": [
        {
          "current_key": "AIzaSyAoc-Lv3PeVbHRpfeBEkPzP1b8HPj7pzTM"
        }
      ],
      "services": {
        "appinvite_service": {
          "other_platform_oauth_client": [
            {
              "client_id": "672737367974-sfdv11primr6386gl1e707abfgu1o0t0.apps.googleusercontent.com",
              "client_type": 3
            }
          ]
        }
      }
    }
  ],
  "configuration_version": "1"
}